token,count
also,4129
most,2661
Also,2059
more,1880
particularly,1867
primarily,1827
ever,1810
earlier,1804
markedly,1795
Furthermore,1795
hugely,1795
later,1782
Letter,1706
well,1278
largely,819
too,797
As,787
not,786
Perhaps,772
as,516
mainly,179
Family,163
Mostly,156
then,151
together,147
now,133
possibly,111
only,105
originally,105
first,99
"""n't""",79
yet,76
very,76
previously,74
back,72
so,69
specifically,68
Very,63
Not,61
First,58
mostly,57
Originally,54
Here,51
still,51
presumably,46
approximately,44
Core,44
recently,44
separately,40
however,40
Mainly,38
subsequently,38
further,36
Now,36
formerly,35
up,34
potentially,33
just,33
again,32
often,32
away,31
predominantly,29
much,29
currently,29
soon,27
prior,26
abroad,26
directly,26
heavily,26
regularly,25
However,25
alphabetically,24
probably,24
here,24
rather,23
initially,23
newly,22
once,22
nee,21
already,21
forward,20
sometimes,20
highly,19
never,19
Later,19
early,18
better,18
Vol,18
eventually,18
•,18
widely,18
there,18
generally,17
finally,16
fully,16
elsewhere,16
far,16
twice,15
always,15
instead,15
internationally,15
no,14
respectively,14
down,14
Then,13
notably,13
long,13
almost,13
usually,13
shortly,13
Finally,13
longer,12
likely,12
Early,12
Possibly,12
extensively,12
Additionally,11
Largely,11
Primarily,11
partially,11
Together,11
entirely,11
ahead,11
virtually,10
jointly,10
ref,10
Only,10
Initially,10
especially,10
smartly,9
actively,9
alongside,9
nearly,9
late,9
chronologically,9
apparently,9
explicitly,9
immediately,8
along,8
less,8
quite,8
about,8
therefore,8
frequently,8
alone,8
Back,7
thereafter,7
closely,7
award,7
completely,7
perhaps,7
politically,7
posthumously,7
really,7
Likely,6
out,6
around,6
else,6
names,6
episode,6
Close,6
Further,6
cover,6
best,6
Firstly,6
slightly,5
Formerly,5
Notebooks,5
even,5
publicly,5
actually,5
partly,5
deeply,5
overseas,5
commonly,5
Molly,5
clearly,5
latterly,5
née,5
significantly,5
otherwise,5
Still,5
Secondly,5
variably,5
Printout,4
locally,4
ago,4
More,4
Indeed,4
apart,4
notice,4
typically,4
necessarily,4
badly,4
loose,4
centrally,4
"""'Only""",4
close,4
commercially,4
individually,4
differently,4
file,4
easily,4
either,4
Heavily,4
eleven,4
Nearly,4
Once,4
So,4
relatively,4
provisionally,4
Smartly,4
sexually,4
seriously,4
a-n,4
exclusively,3
occasionally,3
Frere,3
extremely,3
"""'Farrell""",3
Long,3
somewhat,3
fere,3
ffirst,3
Emily,3
socially,3
Piccadilly,3
annually,3
Predominantly,3
Presumably,3
deliberately,3
Lightly,3
hard,3
massively,3
Just,3
underway,3
vehemently,3
No,3
namely,3
officially,3
greatly,3
personally,3
Nevertheless,3
securely,3
proactively,3
enough,3
pretty,3
seemingly,3
effectively,3
postcard,3
ecopoems,3
aesthetically,3
Seven,3
intensely,3
proofs,3
properly,3
ill,3
severely,3
strongly,3
Instead,3
Sally,3
Jan-July,3
over,3
thereby,3
quickly,3
Lady,3
Elsewhere,2
high,2
variously,2
home,2
fairly,2
globally,2
generously,2
"""'The""",2
”,2
solely,2
equally,2
ye,2
writer,2
exactly,2
experience,2
famously,2
"""'Early""",2
"""'Water""",2
firstly,2
formally,2
visually,2
vertically,2
EWD,2
prominently,2
s,2
successfully,2
refs,2
north,2
"""'Here""",2
"""'silly""",2
rarely,2
tightly,2
off,2
orginally,2
technically,2
perfectly,2
nd,2
strikingly,2
physically,2
poorly,2
"""'More""",2
specially,2
predictably,2
presumedly,2
privately,2
profoundly,2
nearby,2
naturally,2
Double,2
leather,2
usefully,2
roughly,2
"""'Gateway""",2
Dolly,2
intricately,2
Currently,2
kindly,2
right,2
unwell,2
undertaken,2
ultimately,2
little,2
lonely,2
Aside,2
Apparently,2
regretfully,2
maybe,2
simultaneously,2
mentally,2
morally,2
Away,2
humanly,2
amongst,2
Well,2
address,2
Nov,2
Probably,2
assumedly,2
Rather,2
academically,2
Regularly,2
Right,2
cuttingly,2
barely,2
Sphere,2
aere,2
constantly,2
because,2
brittle,2
broadly,2
Swarthmore,2
carefully,2
Thirdly,2
collectively,2
North,2
Trevelyan,2
Predictably,2
Reply,2
all,2
Observer,2
Mother,2
approx,2
Picadilly,2
e,2
aggressively,2
Nowhere,2
Oliver,2
art,2
regionally,1
"""'beastly""",1
particuarly,1
"""'lively""",1
Waiter,1
Zone,1
"""'desperately""",1
Yet,1
regimentally,1
Newly,1
"""'bully""",1
"""'clearly""",1
reasonably,1
aesthtically,1
repeatedly,1
relentlessly,1
Unfortunately,1
ort,1
Twice,1
Twice-Nightly,1
rigorously,1
altogether,1
Marianergraven,1
Meanwhile,1
restrospectively,1
alcohol,1
responsively,1
"""'Where""",1
overall,1
Mosely,1
represented.There,1
"""'more""",1
reportedly,1
radically,1
purely,1
\x91Paradise\x92,1
plasterboard,1
pertinere,1
afterwards,1
"""'fairly""",1
"""'formerly""",1
accordingly,1
accoucher,1
"""'hardly""",1
predominatly,1
quietly,1
"""'highly""",1
Never,1
practically,1
"""'jolly""",1
additionally,1
possily,1
"""'justly""",1
principally,1
printout,1
"""'exactly""",1
acceptance,1
_Family,1
pleasant,1
_Nowhere,1
_Only,1
_Slightly,1
_Softly,1
aboard,1
prolifically,1
progressively,1
programmes,1
absoultely,1
profile,1
prodigiously,1
secondly,1
"""'eagerly""",1
safely,1
Thames,1
secretly,1
seldom,1
uphill,1
unwomanly,1
Pretty,1
unusually,1
uniquely,1
unexpectedly,1
uneasily,1
Previously,1
undergone,1
uncomfortably,1
Quietly,1
twice-nightly,1
"""'Heaven""",1
twenty,1
"""'How""",1
toegether,1
tirelessly,1
Raven,1
thus,1
urgently,1
Potentially,1
Postcard,1
Particularly,1
“,1
‘,1
–,1
£2000,1
"""'Computer""",1
yearly,1
Overseas,1
yard,1
"""'Dolly""",1
utterly,1
wholly,1
weirdly,1
Permanently,1
"""'Ever""",1
"""'Family""",1
Photographs,1
vastly,1
Polly,1
Really,1
"""'Lily""",1
"""'Liver""",1
sincerely,1
"""'Riverside""",1
Strangely,1
"""'South""",1
smoothly,1
"""'Surveillance""",1
slowly,1
slogan,1
Strong,1
Suddenly,1
Slightly,1
silver,1
shrewdly,1
Tagore,1
sheet,1
"""'nearly""",1
Thereafter,1
seperately,1
Time,1
Specially,1
Size,1
temporarily,1
"""'Molly""",1
technologically,1
systematically,1
sympathetically,1
symbolically,1
sufficiently,1
Scarily,1
subtly,1
substantially,1
structurally,1
"""'Mother""",1
Seemore,1
Seems,1
strictly,1
strategically,1
Shortly,1
stately,1
stamps,1
speculatively,1
orignally,1
embroidery,1
Loose,1
Farely,1
gloomy,1
daily,1
geographically,1
gently,1
genetically,1
daily/family,1
Externally,1
gateway,1
Fairly,1
full-time,1
impressively,1
from_,1
fro,1
friendship,1
daughter,1
fourthly,1
decipher,1
Formally,1
format,1
deftly,1
gradually,1
gratefully,1
gruesomely,1
guide,1
confidentially,1
consciously,1
Opere,1
Eleven,1
consistently,1
hormone,1
horizontally,1
hopefully,1
hilariously,1
copiously,1
correctly,1
Entirely,1
Extensively,1
heard,1
hat,1
cruelly,1
happily,1
handover,1
halfway,1
forever,1
foreshore,1
folklore,1
"""'Clever""",1
expensively,1
dreadfully,1
excellently,1
due,1
evidently,1
Generally,1
ecologically,1
et,1
essentially,1
Genetically,1
erroneously,1
er,1
equitably,1
economically,1
elderly,1
ephemera,1
environmentally,1
electrically,1
enthusiastically,1
Jolly,1
Fully,1
foamboard,1
exterior,1
densely,1
dioxide,1
financially,1
June/July,1
disagreeably,1
discuss,1
distinctly,1
feedback,1
father,1
fatally,1
faster,1
fast,1
From,1
dolly,1
domestically,1
faint,1
double,1
extraordinarily,1
externally,1
importantly,1
incorrectly,1
ore,1
assumingly,1
negatively,1
1998-1999,1
ashore,1
About,1
aside,1
asleep,1
ncludes,1
assembly,1
nationally,1
name,1
increasingly,1
nakedly,1
n.d.,1
mutually,1
Absolutely,1
movingly,1
motorway,1
Actually,1
Adequately,1
Apart,1
neoplasia,1
"""n'Nah""",1
"""l'art""",1
newr,1
"""'only""",1
"""'personally""",1
"""'profoundly""",1
electronically,1
apotecken,1
appropriately,1
observer,1
o,1
nunc,1
numb,1
nowhere,1
"""'quite""",1
Locally,1
"""'safely""",1
architecturally,1
normally,1
"""'well""",1
niver,1
newsletter,1
auditoria,1
monthly,1
mistakenly,1
lettere,1
brother,1
built-up,1
lately,1
Better,1
certainly,1
challengingly,1
jolly,1
Directly,1
cheerfully,1
Kelly,1
intermittently,1
interestingly,1
interchangeably,1
intently,1
cleverly,1
comparatively,1
comprehensively,1
indefinitely,1
indeed,1
leave,1
libretti,1
mischievously,1
brightly,1
miraculously,1
midway,1
mid-way,1
meter,1
automatically,1
medically,1
mechanically,1
Lately,1
backkerly,1
manly,1
Architecturally,1
lumbago,1
lovely,1
loudly,1
beastly,1
Around,1
beautifully,1
before,1
beneath,1
"""'August""",1
