token_lower,count
also,799
not,425
early,406
then,306
as,146
well,143
together,130
later,123
first,114
possibly,112
now,91
only,88
mainly,73
probably,66
very,65
still,65
there,57
too,53
most,50
so,48
however,48
more,46
presumably,46
again,42
particularly,42
largely,40
back,40
mostly,37
just,37
here,35
often,32
originally,31
rather,29
generally,28
usedpublisher,28
n't,26
prior,26
perhaps,26
previously,25
earlier,24
much,22
away,22
individually,21
subsequently,20
soon,19
genetically,19
long,18
up,18
almost,18
approximately,17
eventually,17
far,16
yet,16
actually,16
partly,16
apparently,16
latterly,16
thus,16
jointly,15
formerly,15
never,15
privately,15
partially,14
initially,14
ever,14
recently,14
specifically,14
highly,14
badly,13
heavily,13
down,13
slightly,13
even,13
primarily,12
respectively,11
already,11
family,11
finally,11
around,11
immediately,11
especially,11
instead,10
filly,10
divergently,9
apart,9
further,9
indeed,9
newly,9
simply,9
sometimes,8
somewhat,8
frequently,8
separately,8
forward,8
ultimately,8
quite,8
specially,8
once,8
faba,7
shortly,7
nearly,7
widely,7
locally,7
either,7
nearby,7
posthumously,7
no.3,6
no.4,6
notably,6
variously,6
closely,6
ago,6
chronologically,6
usually,6
best,6
alongside,6
directly,6
about,6
nivea,6
additionally,6
abroad,6
north,6
namely,5
essentially,5
though,5
equally,5
alphabetically,5
else,5
potentially,5
alone,5
x,5
thereafter,5
no,5
clearly,5
no.1,5
certainly,5
inside,5
officially,5
longer,5
entirely,5
effectively,4
properly,4
along,4
overseas,4
twice,4
seriously,4
dolly,4
south,4
front,4
'daily,4
autograph,4
regularly,4
suddenly,4
close,4
no.2,4
daily,4
completely,4
moderately,4
gradually,4
always,4
late,4
cover,4
currently,4
loose,4
perfectly,3
quickly,3
freely,3
narrowly,3
enough,3
fully,3
friendsascher,3
truly,3
abruptly,3
finely,3
fifty-seven,3
feather,3
fairly,3
extremely,3
extensively,3
rarely,3
accordingly,3
sheep,3
right,3
likely,3
lowly,3
supposedly,3
deeply,3
barely,3
collaboratively,3
leven,3
comely,3
successfully,3
somatically,3
weekly,3
commonly,3
doubly,3
less,3
practically,3
easily,3
east,3
therefore,3
significantly,3
beside,3
otherwise,3
mins.,2
'first,2
nagore,2
'sally,2
actively,2
loosely,2
anonymously,2
fundamentally,2
merely,2
mentally,2
precisely,2
harnly,2
monthly,2
reasonably,2
provisionally,2
wrongly,2
ironically,2
r.a.leather,2
virtually,2
art,2
'manchester,2
kelly,2
principally,2
above,2
greatly,2
hopefully,2
lagopus,2
morly,2
hence,2
appended.part,2
personally,2
'specially,2
quarterly,2
'song,2
intensively,2
thoroughly,2
pere,2
notebooks,2
notes.part,2
deep,2
unevenly,2
sometime,2
notepad,2
distinctly,2
singere,2
straight,2
'discovery,2
nos,2
ashore,2
elaphus,2
elsewhere,2
emily,2
courtly,2
consequently,2
en,2
ofassembly,2
better,2
unfortunately,2
bonnie,2
texts,2
temporarily,2
off,2
surely,2
strictly,2
occasionally,2
obviously,2
comparatively,2
'broken,2
née,2
strongly,2
empty,2
axenically,2
no.6,2
evidently,2
sadly,2
safely,2
sally,2
firstly,2
adequately,2
annulata,2
fast,2
no.5,2
normally,2
experimentally,2
ye,2
no.8,2
ewe,2
maybe,2
usedmitchell,2
p.,2
animaux,2
serologically,2
over,2
selectively,2
enthusiastically,2
underneath,1
opportunely,1
permanently,1
yearly,1
ore,1
pleasedo,1
polo,1
pathway,1
outside,1
peripherally,1
politically,1
parallel,1
willy,1
y,1
positively,1
polly,1
yard,1
philosopher,1
originaly,1
others-maybe,1
wholly,1
papersasher,1
out-and-about,1
photographs,1
physically,1
usedrushbrooke,1
west,1
slowly,1
usedbraddock,1
usedgardiner,1
simultaneously,1
side,1
sharply,1
severely,1
till,1
seemingly,1
usedkoestler,1
usedleacock,1
secondly,1
second,1
seasonally,1
scientifically,1
schoolteacher,1
slack,1
unequivocally,1
pray,1
solely,1
theoretically,1
thedaily,1
tentatively,1
teacher,1
synergistically,1
symmetrically,1
suggested.additionally,1
successively,1
succesively,1
unilaterally,1
strategically,1
unusually,1
steadily,1
spontaneously,1
unexpectedly,1
underway,1
scholarly,1
scarcely,1
satisfactorily,1
purely,1
understand,1
usedstuart,1
usedweaver,1
prolifically,1
typically,1
visiually,1
vol,1
volumes,1
princely,1
previosly,1
presumedly,1
voucher,1
predominantly,1
preacher,1
purposely,1
quartzite,1
recipientgravitygrandmere,1
retrospectively,1
satirically,1
romatically,1
totally,1
traditionally,1
richly,1
reverently,1
third,1
recipientinterviewconnolly,1
repeatedly,1
reliably,1
relatively,1
recipientrothermere,1
recipientpsychologykelly,1
usedschmid,1
rode,1
'after,1
onboard,1
conclusively,1
closer,1
childrenmccully,1
centrally,1
cashmere,1
carefully,1
carboncopy,1
bygain,1
bull,1
bronze,1
broadly,1
breakfast,1
botely,1
born',1
bookplate,1
biologically,1
bibliographer,1
betwen,1
berkely,1
belong,1
behavior,1
before,1
commercially,1
conically,1
award,1
conjointly,1
earnestly,1
duly,1
due,1
drastically,1
doubtless,1
discs,1
diligently,1
differently,1
diagonally,1
developmentally,1
desespere,1
der,1
definitely,1
dayly,1
curly,1
critically,1
coolly,1
continuously,1
constantly,1
considerably,1
connolly,1
awardhardly,1
asymmetrically,1
ein,1
aboon,1
1903-1904,1
1892-1901,1
1873-74,1
.part,1
-humbly,1
'therefore,1
'suddenly,1
'silver,1
'poorly,1
'only,1
'notice,1
'never,1
'm.l,1
'her,1
'friendly,1
'fairly,1
'exceedingly,1
'early,1
'dolly,1
'before,1
'another,1
1938-1939,1
absolutely,1
asymetrically,1
accuately,1
aseptically,1
artificially,1
arbitrarly,1
appropriately,1
aplicadas,1
aonther,1
anyway,1
annually,1
angewandte,1
andover,1
andnow,1
americanus,1
altschul,1
altogether,1
alternatively,1
aloft,1
alike,1
albeit,1
ailway,1
ahead,1
afterward,1
eggs,1
elaborately,1
offprints.part,1
names,1
musy,1
monochromatically,1
meanwhile,1
meaningconnolly,1
materially,1
marvellously,1
maritime,1
manually,1
mammoth,1
maliciously,1
lovely,1
lonely,1
lightly,1
lettersbaillie,1
letter,1
length,1
'already,1
lately,1
kindly,1
july/august,1
internationally,1
n.p.water,1
nd,1
instantly,1
neither,1
oblong,1
nucleus,1
nowadays,1
notes/chapter,1
notebook,1
northwest,1
noose,1
noonpollard,1
non-chronologically,1
non,1
no.81,1
no.7,1
no.5cover,1
no.5056,1
no.100,1
niven,1
nevertheless,1
neue,1
nest,1
nervousness,1
nellore,1
intellectually,1
indistinctly,1
eleven,1
friendsgross-muenzenberg,1
fortunately,1
formally,1
forester,1
folklore,1
firmly,1
financially,1
fatter,1
faster,1
faint,1
extraneurally,1
express,1
exactly,1
ewes,1
euthanasia,1
etc,1
essere,1
ere,1
environmentally,1
entitledon,1
engraver,1
engedely,1
friends.there,1
fuer,1
indirectly,1
fur,1
incredibly,1
increasingly,1
incorrectly,1
includingsatisfactorily,1
includecanada,1
inadvertently,1
imperfectly,1
illness,1
humourously,1
hugely,1
historically,1
high,1
heritably,1
heater,1
hat,1
hard,1
goodly,1
golly,1
geographically,1
gallantly,1
furthermore,1
£10,1
